Country Name,Country Code,Indicator Name,Indicator Code,1960,1961,1962,1963,1964,1965,1966,1967,1968,1969,1970,1971,1972,1973,1974,1975,1976,1977,1978,1979,1980,1981,1982,1983,1984,1985,1986,1987,1988,1989,1990,1991,1992,1993,1994,1995,1996,1997,1998,1999,2000,2001,2002,2003,2004,2005,2006,2007,2008,2009,2010,2011,2012,2013,2014,2015,2016,2017,2018,2019,2020,2021,2022
Aruba,ABW,New businesses registered (number),IC.BUS.NREG,,,,,,,,,,,,,,,,,,,,,,,,,,,,,,,,,,,,,,,,,,,,,,,,,,,,,,,,,,,,,,,
Afghanistan,AFG,New businesses registered (number),IC.BUS.NREG,,,,,,,,,,,,,,,,,,,,,,,,,,,,,,,,,,,,,,,,,,,,,,,,,,3653,4759,3745,3557,3191,2466,2255,2448,3022,4274,,,,
Angola,AGO,New businesses registered (number),IC.BUS.NREG,,,,,,,,,,,,,,,,,,,,,,,,,,,,,,,,,,,,,,,,,,,,,,,,,,,,,,,,,,,,,,,
Albania,ALB,New businesses registered (number),IC.BUS.NREG,,,,,,,,,,,,,,,,,,,,,,,,,,,,,,,,,,,,,,,,,,,,,,,1671,2094,2891,2217,2166,1891,1877,2105,2271,2610,2721,3014,3259,3189,2945,,
Andorra,AND,New businesses registered (number),IC.BUS.NREG,,,,,,,,,,,,,,,,,,,,,,,,,,,,,,,,,,,,,,,,,,,,,,,,,,,,,,,,,,,,,,,
United Arab Emirates,ARE,New businesses registered (number),IC.BUS.NREG,,,,,,,,,,,,,,,,,,,,,,,,,,,,,,,,,,,,,,,,,,,,,,,7698,8778,9084,6963,8623,9644,11380,12784,15661,16625,16735,16285,17907,22593,19050,,
Argentina,ARG,New businesses registered (number),IC.BUS.NREG,,,,,,,,,,,,,,,,,,,,,,,,,,,,,,,,,,,,,,,,,,,,,,,5956,6031,6032,4885,5400,5828,4928,5406,4699,4958,5885,6209,5667,,,,
Armenia,ARM,New businesses registered (number),IC.BUS.NREG,,,,,,,,,,,,,,,,,,,,,,,,,,,,,,,,,,,,,,,,,,,,,,,2474,3290,3344,2575,2527,2640,3190,3180,3168,3493,3510,4443,6137,6877,5700,,
American Samoa,ASM,New businesses registered (number),IC.BUS.NREG,,,,,,,,,,,,,,,,,,,,,,,,,,,,,,,,,,,,,,,,,,,,,,,,,,,,,,,,,,,,,,,
Antigua and Barbuda,ATG,New businesses registered (number),IC.BUS.NREG,,,,,,,,,,,,,,,,,,,,,,,,,,,,,,,,,,,,,,,,,,,,,,,295,257,226,159,193,187,168,217,246,271,296,380,280,242,255,,
Australia,AUS,New businesses registered (number),IC.BUS.NREG,,,,,,,,,,,,,,,,,,,,,,,,,,,,,,,,,,,,,,,,,,,,,,,133756,157438,141827,145963,159246,166740,184237,201855,222294,241023,243105,249048,235684,223389,236447,,
Austria,AUT,New businesses registered (number),IC.BUS.NREG,,,,,,,,,,,,,,,,,,,,,,,,,,,,,,,,,,,,,,,,,,,,,,,3116,2944,2856,2826,2819,2771,2714,2811,2923,3020,3009,3046,2997,3017,3141,,
Azerbaijan,AZE,New businesses registered (number),IC.BUS.NREG,,,,,,,,,,,,,,,,,,,,,,,,,,,,,,,,,,,,,,,,,,,,,,,,,6153,4677,3541,4174,4661,7172,6803,5208,7219,11058,11611,15687,9165,,
Burundi,BDI,New businesses registered (number),IC.BUS.NREG,,,,,,,,,,,,,,,,,,,,,,,,,,,,,,,,,,,,,,,,,,,,,,,,,,,,,,,,,,,,,,,
Belgium,BEL,New businesses registered (number),IC.BUS.NREG,,,,,,,,,,,,,,,,,,,,,,,,,,,,,,,,,,,,,,,,,,,,,,,21747,23867,23116,20415,23512,24451,19769,19054,19825,20634,22705,22944,27204,31094,34366,,
Benin,BEN,New businesses registered (number),IC.BUS.NREG,,,,,,,,,,,,,,,,,,,,,,,,,,,,,,,,,,,,,,,,,,,,,,,,,,,,,,906,1382,2834,3060,3115,3033,3437,4034,,
Burkina Faso,BFA,New businesses registered (number),IC.BUS.NREG,,,,,,,,,,,,,,,,,,,,,,,,,,,,,,,,,,,,,,,,,,,,,,,,,,,,,,,,,,2940,3416,,,,
Bangladesh,BGD,New businesses registered (number),IC.BUS.NREG,,,,,,,,,,,,,,,,,,,,,,,,,,,,,,,,,,,,,,,,,,,,,,,,,,,,,,,,7556,8103,7629,4473,,,,
Bulgaria,BGR,New businesses registered (number),IC.BUS.NREG,,,,,,,,,,,,,,,,,,,,,,,,,,,,,,,,,,,,,,,,,,,,,,,,,10930,8199,6903,8267,8558,8168,7751,8720,9423,9022,8855,7872,6220,,
Bahrain,BHR,New businesses registered (number),IC.BUS.NREG,,,,,,,,,,,,,,,,,,,,,,,,,,,,,,,,,,,,,,,,,,,,,,,1110,1416,1584,1127,1363,1207,1346,1433,1439,1567,4230,4177,3823,,,,
"Bahamas, The",BHS,New businesses registered (number),IC.BUS.NREG,,,,,,,,,,,,,,,,,,,,,,,,,,,,,,,,,,,,,,,,,,,,,,,,,,,,,,,,,,,,,,,
Bosnia and Herzegovina,BIH,New businesses registered (number),IC.BUS.NREG,,,,,,,,,,,,,,,,,,,,,,,,,,,,,,,,,,,,,,,,,,,,,,,,,,,,,,,,,2814,2433,2493,2547,2229,,
Belarus,BLR,New businesses registered (number),IC.BUS.NREG,,,,,,,,,,,,,,,,,,,,,,,,,,,,,,,,,,,,,,,,,,,,,,,1885,3820,5168,5714,6399,6063,7674,8983,7019,6095,6427,7861,8700,8697,7204,,
Belize,BLZ,New businesses registered (number),IC.BUS.NREG,,,,,,,,,,,,,,,,,,,,,,,,,,,,,,,,,,,,,,,,,,,,,,,,923,801,583,604,1000,863,801,655,675,701,777,763,769,671,,
Bermuda,BMU,New businesses registered (number),IC.BUS.NREG,,,,,,,,,,,,,,,,,,,,,,,,,,,,,,,,,,,,,,,,,,,,,,,,,,,,,,,,,,,,,,,
Bolivia,BOL,New businesses registered (number),IC.BUS.NREG,,,,,,,,,,,,,,,,,,,,,,,,,,,,,,,,,,,,,,,,,,,,,,,,,,,,,,,,,,,3593,,,,
Brazil,BRA,New businesses registered (number),IC.BUS.NREG,,,,,,,,,,,,,,,,,,,,,,,,,,,,,,,,,,,,,,,,,,,,,,,,,,337021,345614,355326,311644,304549,267225,245830,226570,235300,253902,291392,405049,,
Barbados,BRB,New businesses registered (number),IC.BUS.NREG,,,,,,,,,,,,,,,,,,,,,,,,,,,,,,,,,,,,,,,,,,,,,,,,,,,,,,,,1105,1056,945,859,939,934,,
Brunei Darussalam,BRN,New businesses registered (number),IC.BUS.NREG,,,,,,,,,,,,,,,,,,,,,,,,,,,,,,,,,,,,,,,,,,,,,,,,,,,,,480,475,457,573,760,798,731,745,316,,
Bhutan,BTN,New businesses registered (number),IC.BUS.NREG,,,,,,,,,,,,,,,,,,,,,,,,,,,,,,,,,,,,,,,,,,,,,,,10,11,21,13,18,23,82,23,29,44,50,72,47,,,,
Botswana,BWA,New businesses registered (number),IC.BUS.NREG,,,,,,,,,,,,,,,,,,,,,,,,,,,,,,,,,,,,,,,,,,,,,,,6627,6963,8225,10955,11693,12353,16194,15092,18621,23512,26613,20614,20993,17377,26256,,
Central African Republic,CAF,New businesses registered (number),IC.BUS.NREG,,,,,,,,,,,,,,,,,,,,,,,,,,,,,,,,,,,,,,,,,,,,,,,,,,95,109,125,169,87,87,138,250,265,340,319,335,,
Canada,CAN,New businesses registered (number),IC.BUS.NREG,,,,,,,,,,,,,,,,,,,,,,,,,,,,,,,,,,,,,,,,,,,,,,,,,,,,,,,,,,3052,3262,,,,
Switzerland,CHE,New businesses registered (number),IC.BUS.NREG,,,,,,,,,,,,,,,,,,,,,,,,,,,,,,,,,,,,,,,,,,,,,,,19471,21391,21733,20810,22139,23765,23608,24601,25085,24244,24135,25790,25637,26347,,,
Channel Islands,CHI,New businesses registered (number),IC.BUS.NREG,,,,,,,,,,,,,,,,,,,,,,,,,,,,,,,,,,,,,,,,,,,,,,,,,,,,,,,,,,,,,,,
Chile,CHL,New businesses registered (number),IC.BUS.NREG,,,,,,,,,,,,,,,,,,,,,,,,,,,,,,,,,,,,,,,,,,,,,,,,,,,,,,85418,98433,102914,109880,118724,132740,138587,158583,,
China,CHN,New businesses registered (number),IC.BUS.NREG,,,,,,,,,,,,,,,,,,,,,,,,,,,,,,,,,,,,,,,,,,,,,,,,,,,95252,102893,103532,117997,188558,210086,245321,229299,228559,211960,232064,,
Cote d'Ivoire,CIV,New businesses registered (number),IC.BUS.NREG,,,,,,,,,,,,,,,,,,,,,,,,,,,,,,,,,,,,,,,,,,,,,,,,,,,,,,1342,3664,5758,7881,8043,10233,11210,11451,,
Cameroon,CMR,New businesses registered (number),IC.BUS.NREG,,,,,,,,,,,,,,,,,,,,,,,,,,,,,,,,,,,,,,,,,,,,,,,,,,,,,,,,,,,,,,,
"Congo, Dem. Rep.",COD,New businesses registered (number),IC.BUS.NREG,,,,,,,,,,,,,,,,,,,,,,,,,,,,,,,,,,,,,,,,,,,,,,,,,,,,,,,,1701,1565,1464,2102,1480,1795,,
"Congo, Rep.",COG,New businesses registered (number),IC.BUS.NREG,,,,,,,,,,,,,,,,,,,,,,,,,,,,,,,,,,,,,,,,,,,,,,,,,,,,,,,,,,,,,,,
Colombia,COL,New businesses registered (number),IC.BUS.NREG,,,,,,,,,,,,,,,,,,,,,,,,,,,,,,,,,,,,,,,,,,,,,,,,,,,,,,61559,69841,61033,68460,66780,67983,74706,68749,,
Comoros,COM,New businesses registered (number),IC.BUS.NREG,,,,,,,,,,,,,,,,,,,,,,,,,,,,,,,,,,,,,,,,,,,,,,,,,,,,,,,,,,,78,,,,
Cabo Verde,CPV,New businesses registered (number),IC.BUS.NREG,,,,,,,,,,,,,,,,,,,,,,,,,,,,,,,,,,,,,,,,,,,,,,,,,462,782,916,1197,949,1011,1022,1281,3206,4349,5868,6023,4869,,
Costa Rica,CRI,New businesses registered (number),IC.BUS.NREG,,,,,,,,,,,,,,,,,,,,,,,,,,,,,,,,,,,,,,,,,,,,,,,,,,,,,,10273,10965,13154,20693,17573,20758,16427,12686,,
Cuba,CUB,New businesses registered (number),IC.BUS.NREG,,,,,,,,,,,,,,,,,,,,,,,,,,,,,,,,,,,,,,,,,,,,,,,,,,,,,,,,,,,,,,,
Curacao,CUW,New businesses registered (number),IC.BUS.NREG,,,,,,,,,,,,,,,,,,,,,,,,,,,,,,,,,,,,,,,,,,,,,,,,,,,,,,,,,,,,,,,
Cayman Islands,CYM,New businesses registered (number),IC.BUS.NREG,,,,,,,,,,,,,,,,,,,,,,,,,,,,,,,,,,,,,,,,,,,,,,,,,,,,,,,,,,,,,,,
Cyprus,CYP,New businesses registered (number),IC.BUS.NREG,,,,,,,,,,,,,,,,,,,,,,,,,,,,,,,,,,,,,,,,,,,,,,,20280,29016,24453,16101,19278,19538,17999,10847,11169,11270,13645,13677,14526,12781,11053,,
Czechia,CZE,New businesses registered (number),IC.BUS.NREG,,,,,,,,,,,,,,,,,,,,,,,,,,,,,,,,,,,,,,,,,,,,,,,16395,20938,22633,21717,22456,21173,21571,22227,24366,26068,27881,31195,30336,28758,26024,,
Germany,DEU,New businesses registered (number),IC.BUS.NREG,,,,,,,,,,,,,,,,,,,,,,,,,,,,,,,,,,,,,,,,,,,,,,,65447,65292,65812,74055,73966,71190,69332,68526,67458,69384,70720,71801,72844,73991,72774,,
Djibouti,DJI,New businesses registered (number),IC.BUS.NREG,,,,,,,,,,,,,,,,,,,,,,,,,,,,,,,,,,,,,,,,,,,,,,,,,,,,,,,,,,,,,1142,,
Dominica,DMA,New businesses registered (number),IC.BUS.NREG,,,,,,,,,,,,,,,,,,,,,,,,,,,,,,,,,,,,,,,,,,,,,,,,,,802,792,884,898,755,874,748,609,339,371,319,268,,
Denmark,DNK,New businesses registered (number),IC.BUS.NREG,,,,,,,,,,,,,,,,,,,,,,,,,,,,,,,,,,,,,,,,,,,,,,,26508,29233,26228,17576,18814,18386,17218,16992,25933,30282,33645,36341,36982,,,,
Dominican Republic,DOM,New businesses registered (number),IC.BUS.NREG,,,,,,,,,,,,,,,,,,,,,,,,,,,,,,,,,,,,,,,,,,,,,,,,,,,,3257,7219,8131,8059,8367,9363,9597,10204,,,,
Algeria,DZA,New businesses registered (number),IC.BUS.NREG,,,,,,,,,,,,,,,,,,,,,,,,,,,,,,,,,,,,,,,,,,,,,,,4218,3622,4651,4574,4122,4711,7724,7698,8426,8093,8841,9885,9472,,,,
Ecuador,ECU,New businesses registered (number),IC.BUS.NREG,,,,,,,,,,,,,,,,,,,,,,,,,,,,,,,,,,,,,,,,,,,,,,,,,,,,,,,,,,,,,,,
"Egypt, Arab Rep.",EGY,New businesses registered (number),IC.BUS.NREG,,,,,,,,,,,,,,,,,,,,,,,,,,,,,,,,,,,,,,,,,,,,,,,1055,1533,2029,2094,2515,2331,2785,2867,3334,4109,4682,5702,10877,13920,14768,,
Eritrea,ERI,New businesses registered (number),IC.BUS.NREG,,,,,,,,,,,,,,,,,,,,,,,,,,,,,,,,,,,,,,,,,,,,,,,,,,,,,,,,,,,,,,,
Spain,ESP,New businesses registered (number),IC.BUS.NREG,,,,,,,,,,,,,,,,,,,,,,,,,,,,,,,,,,,,,,,,,,,,,,,141830,138879,99473,74333,75885,81027,84399,90373,91544,91750,98824,92613,93560,92010,77541,,
Estonia,EST,New businesses registered (number),IC.BUS.NREG,,,,,,,,,,,,,,,,,,,,,,,,,,,,,,,,,,,,,,,,,,,,,,,12070,11599,9661,8183,9212,13141,13524,14242,13867,15005,16572,18461,19950,20899,20329,,
Ethiopia,ETH,New businesses registered (number),IC.BUS.NREG,,,,,,,,,,,,,,,,,,,,,,,,,,,,,,,,,,,,,,,,,,,,,,,,,,,,,,,,,10693,34912,31198,,,,
European Union,EUU,New businesses registered (number),IC.BUS.NREG,,,,,,,,,,,,,,,,,,,,,,,,,,,,,,,,,,,,,,,,,,,,,,,,,,,,,,,,,,,,,,,
Finland,FIN,New businesses registered (number),IC.BUS.NREG,,,,,,,,,,,,,,,,,,,,,,,,,,,,,,,,,,,,,,,,,,,,,,,10247,13948,14091,12254,12391,12744,12506,12441,11965,12625,13584,13848,14700,18100,20020,,
Fiji,FJI,New businesses registered (number),IC.BUS.NREG,,,,,,,,,,,,,,,,,,,,,,,,,,,,,,,,,,,,,,,,,,,,,,,,,,,,,,,,,,,,1121,1320,,
France,FRA,New businesses registered (number),IC.BUS.NREG,,,,,,,,,,,,,,,,,,,,,,,,,,,,,,,,,,,,,,,,,,,,,,,136033,160375,161808,152302,163650,166653,159521,158875,165722,171984,188843,197899,201087,218426,218054,,
Faroe Islands,FRO,New businesses registered (number),IC.BUS.NREG,,,,,,,,,,,,,,,,,,,,,,,,,,,,,,,,,,,,,,,,,,,,,,,,,,,,,,,,,,,,,,,
"Micronesia, Fed. Sts.",FSM,New businesses registered (number),IC.BUS.NREG,,,,,,,,,,,,,,,,,,,,,,,,,,,,,,,,,,,,,,,,,,,,,,,,,,,,,,,,,,,25,,,,
Gabon,GAB,New businesses registered (number),IC.BUS.NREG,,,,,,,,,,,,,,,,,,,,,,,,,,,,,,,,,,,,,,,,,,,,,,,729,1019,1069,1009,1248,1251,1258,1421,1620,1544,1175,1192,1218,1475,1275,,
United Kingdom,GBR,New businesses registered (number),IC.BUS.NREG,,,,,,,,,,,,,,,,,,,,,,,,,,,,,,,,,,,,,,,,,,,,,,,403860,452135,362322,364131,400867,453898,492754,522439,585672,611478,663616,632517,664974,684874,774854,,
Georgia,GEO,New businesses registered (number),IC.BUS.NREG,,,,,,,,,,,,,,,,,,,,,,,,,,,,,,,,,,,,,,,,,,,,,,,6073,7627,8658,7725,11265,14091,15004,17761,17608,18432,21299,25554,25238,22588,17905,,
Ghana,GHA,New businesses registered (number),IC.BUS.NREG,,,,,,,,,,,,,,,,,,,,,,,,,,,,,,,,,,,,,,,,,,,,,,,7651,9624,14485,15324,13760,15649,13154,,,,,,,,,,
Gibraltar,GIB,New businesses registered (number),IC.BUS.NREG,,,,,,,,,,,,,,,,,,,,,,,,,,,,,,,,,,,,,,,,,,,,,,,,,,,,,,,,,,,,,,,
Guinea,GIN,New businesses registered (number),IC.BUS.NREG,,,,,,,,,,,,,,,,,,,,,,,,,,,,,,,,,,,,,,,,,,,,,,,,,,,,,,,792,1427,1852,2346,2630,3121,3192,,
"Gambia, The",GMB,New businesses registered (number),IC.BUS.NREG,,,,,,,,,,,,,,,,,,,,,,,,,,,,,,,,,,,,,,,,,,,,,,,,,,,,,,,,,,,,,,,
Guinea-Bissau,GNB,New businesses registered (number),IC.BUS.NREG,,,,,,,,,,,,,,,,,,,,,,,,,,,,,,,,,,,,,,,,,,,,,,,,,,,,,,,,,,,,,,,
Equatorial Guinea,GNQ,New businesses registered (number),IC.BUS.NREG,,,,,,,,,,,,,,,,,,,,,,,,,,,,,,,,,,,,,,,,,,,,,,,,,,,,,,,,,,,,,,,
Greece,GRC,New businesses registered (number),IC.BUS.NREG,,,,,,,,,,,,,,,,,,,,,,,,,,,,,,,,,,,,,,,,,,,,,,,,,,,,2257,3473,4894,5072,4746,5750,7733,9921,11980,12047,,
Grenada,GRD,New businesses registered (number),IC.BUS.NREG,,,,,,,,,,,,,,,,,,,,,,,,,,,,,,,,,,,,,,,,,,,,,,,201,207,186,120,147,136,123,164,175,228,228,273,247,257,217,,
Greenland,GRL,New businesses registered (number),IC.BUS.NREG,,,,,,,,,,,,,,,,,,,,,,,,,,,,,,,,,,,,,,,,,,,,,,,,,,,,,,,,,,,,,,,
Guatemala,GTM,New businesses registered (number),IC.BUS.NREG,,,,,,,,,,,,,,,,,,,,,,,,,,,,,,,,,,,,,,,,,,,,,,,4830,4945,5490,5112,5049,5088,4182,4540,4708,4936,4878,5675,5497,6404,6229,,
Guam,GUM,New businesses registered (number),IC.BUS.NREG,,,,,,,,,,,,,,,,,,,,,,,,,,,,,,,,,,,,,,,,,,,,,,,,,,,,,,,,,,,,,,,
Guyana,GUY,New businesses registered (number),IC.BUS.NREG,,,,,,,,,,,,,,,,,,,,,,,,,,,,,,,,,,,,,,,,,,,,,,,116,23,30,142,119,229,327,348,316,227,440,469,589,885,819,,
"Hong Kong SAR, China",HKG,New businesses registered (number),IC.BUS.NREG,,,,,,,,,,,,,,,,,,,,,,,,,,,,,,,,,,,,,,,,,,,,,,,81974,100761,98645,109424,139530,148329,150165,174031,167280,139209,144883,160229,151739,124741,99405,,
Honduras,HND,New businesses registered (number),IC.BUS.NREG,,,,,,,,,,,,,,,,,,,,,,,,,,,,,,,,,,,,,,,,,,,,,,,,,,,,,,,,,,,,,,,
Croatia,HRV,New businesses registered (number),IC.BUS.NREG,,,,,,,,,,,,,,,,,,,,,,,,,,,,,,,,,,,,,,,,,,,,,,,9913,10603,10156,7806,7139,7116,7949,14186,12964,12558,13502,14918,15585,14633,11539,,
Haiti,HTI,New businesses registered (number),IC.BUS.NREG,,,,,,,,,,,,,,,,,,,,,,,,,,,,,,,,,,,,,,,,,,,,,,,190,201,199,301,383,,,,,,,,,,,,
Hungary,HUN,New businesses registered (number),IC.BUS.NREG,,,,,,,,,,,,,,,,,,,,,,,,,,,,,,,,,,,,,,,,,,,,,,,22008,27335,43598,42046,44269,52217,32311,28207,24479,21048,22328,22783,24252,25376,25608,,
Indonesia,IDN,New businesses registered (number),IC.BUS.NREG,,,,,,,,,,,,,,,,,,,,,,,,,,,,,,,,,,,,,,,,,,,,,,,23535,24964,39302,29604,38106,43906,47714,51151,57926,57079,58426,,,,,,
Isle of Man,IMN,New businesses registered (number),IC.BUS.NREG,,,,,,,,,,,,,,,,,,,,,,,,,,,,,,,,,,,,,,,,,,,,,,,3694,4112,4164,2136,2480,2265,2019,2202,2092,1960,1832,,,,,,
India,IND,New businesses registered (number),IC.BUS.NREG,,,,,,,,,,,,,,,,,,,,,,,,,,,,,,,,,,,,,,,,,,,,,,,49721,62919,70303,60813,86645,97405,103078,91841,69841,80546,93714,107492,117834,128565,142000,,
Ireland,IRL,New businesses registered (number),IC.BUS.NREG,,,,,,,,,,,,,,,,,,,,,,,,,,,,,,,,,,,,,,,,,,,,,,,19175,18526,14590,13185,13793,14312,13773,14876,17601,19207,20750,22048,22217,22561,21873,,
"Iran, Islamic Rep.",IRN,New businesses registered (number),IC.BUS.NREG,,,,,,,,,,,,,,,,,,,,,,,,,,,,,,,,,,,,,,,,,,,,,,,,,,,,,,,,,,,,,36158,,
Iraq,IRQ,New businesses registered (number),IC.BUS.NREG,,,,,,,,,,,,,,,,,,,,,,,,,,,,,,,,,,,,,,,,,,,,,,,3759,3508,5293,4707,2532,1967,2450,3044,1958,1801,2020,,,,,,
Iceland,ISL,New businesses registered (number),IC.BUS.NREG,,,,,,,,,,,,,,,,,,,,,,,,,,,,,,,,,,,,,,,,,,,,,,,3166,3648,2548,2625,1623,1700,1745,1935,2047,2363,2654,2576,2301,2199,2484,,
Israel,ISR,New businesses registered (number),IC.BUS.NREG,,,,,,,,,,,,,,,,,,,,,,,,,,,,,,,,,,,,,,,,,,,,,,,14035,15680,14607,14462,16276,15833,14246,14201,15409,16587,17624,17213,17456,17303,16898,,
Italy,ITA,New businesses registered (number),IC.BUS.NREG,,,,,,,,,,,,,,,,,,,,,,,,,,,,,,,,,,,,,,,,,,,,,,,87113,90950,87665,83042,87415,80028,75646,83470,91583,99983,102135,110756,114360,,,,
Jamaica,JAM,New businesses registered (number),IC.BUS.NREG,,,,,,,,,,,,,,,,,,,,,,,,,,,,,,,,,,,,,,,,,,,,,,,1954,2024,2137,2057,2020,1897,1946,1948,1775,2227,2544,2733,3159,3819,3964,,
Jordan,JOR,New businesses registered (number),IC.BUS.NREG,,,,,,,,,,,,,,,,,,,,,,,,,,,,,,,,,,,,,,,,,,,,,,,2387,2191,2513,2895,3286,3759,4141,4442,4356,3654,3659,4175,3499,3078,2778,,
Japan,JPN,New businesses registered (number),IC.BUS.NREG,,,,,,,,,,,,,,,,,,,,,,,,,,,,,,,,,,,,,,,,,,,,,,,,6187,5503,5884,7269,9246,11031,14729,19972,22387,23944,27422,29243,30733,33411,,
Kazakhstan,KAZ,New businesses registered (number),IC.BUS.NREG,,,,,,,,,,,,,,,,,,,,,,,,,,,,,,,,,,,,,,,,,,,,,,,12361,19739,13935,3240,707,14223,15404,19601,15072,10682,21583,28004,23464,32906,41211,,
Kenya,KEN,New businesses registered (number),IC.BUS.NREG,,,,,,,,,,,,,,,,,,,,,,,,,,,,,,,,,,,,,,,,,,,,,,,,,,,,,,,,,,37733,44381,42085,49037,,
Kyrgyz Republic,KGZ,New businesses registered (number),IC.BUS.NREG,,,,,,,,,,,,,,,,,,,,,,,,,,,,,,,,,,,,,,,,,,,,,,,3211,2906,3721,3161,2905,3433,3379,4035,4100,4499,4936,,,,,,
Cambodia,KHM,New businesses registered (number),IC.BUS.NREG,,,,,,,,,,,,,,,,,,,,,,,,,,,,,,,,,,,,,,,,,,,,,,,1670,2826,2744,2003,2572,3104,3385,2986,3850,4417,4238,5432,7007,9605,5824,,
Kiribati,KIR,New businesses registered (number),IC.BUS.NREG,,,,,,,,,,,,,,,,,,,,,,,,,,,,,,,,,,,,,,,,,,,,,,,4,3,2,3,4,3,5,2,2,3,4,4,2,,,,
St. Kitts and Nevis,KNA,New businesses registered (number),IC.BUS.NREG,,,,,,,,,,,,,,,,,,,,,,,,,,,,,,,,,,,,,,,,,,,,,,,,,,,,,,,,,,,,,,,
"Korea, Rep.",KOR,New businesses registered (number),IC.BUS.NREG,,,,,,,,,,,,,,,,,,,,,,,,,,,,,,,,,,,,,,,,,,,,,,,50289,53227,50505,56337,60312,65110,74162,75574,84697,93768,96155,,,,,,
Kuwait,KWT,New businesses registered (number),IC.BUS.NREG,,,,,,,,,,,,,,,,,,,,,,,,,,,,,,,,,,,,,,,,,,,,,,,3289,3408,2391,850,887,967,1080,1373,1903,3449,5370,9679,18157,21926,10603,,
Latin America & Caribbean (excluding high income),LAC,New businesses registered (number),IC.BUS.NREG,,,,,,,,,,,,,,,,,,,,,,,,,,,,,,,,,,,,,,,,,,,,,,,,,,,,,,,,,,,,,,,
Lao PDR,LAO,New businesses registered (number),IC.BUS.NREG,,,,,,,,,,,,,,,,,,,,,,,,,,,,,,,,,,,,,,,,,,,,,,,,,40,173,149,209,212,215,203,223,263,315,427,901,699,,
Lebanon,LBN,New businesses registered (number),IC.BUS.NREG,,,,,,,,,,,,,,,,,,,,,,,,,,,,,,,,,,,,,,,,,,,,,,,,,,,,,,,,,,,,,,,
Liberia,LBR,New businesses registered (number),IC.BUS.NREG,,,,,,,,,,,,,,,,,,,,,,,,,,,,,,,,,,,,,,,,,,,,,,,,,,,,15,30,34,39,21,31,32,58,54,60,,
Libya,LBY,New businesses registered (number),IC.BUS.NREG,,,,,,,,,,,,,,,,,,,,,,,,,,,,,,,,,,,,,,,,,,,,,,,,,,,,,,,,,,,,,,,
St. Lucia,LCA,New businesses registered (number),IC.BUS.NREG,,,,,,,,,,,,,,,,,,,,,,,,,,,,,,,,,,,,,,,,,,,,,,,484,579,582,427,399,369,379,237,307,367,332,322,350,308,244,,
Latin America & Caribbean,LCN,New businesses registered (number),IC.BUS.NREG,,,,,,,,,,,,,,,,,,,,,,,,,,,,,,,,,,,,,,,,,,,,,,,,,,,,,,,,,,,,,,,
Liechtenstein,LIE,New businesses registered (number),IC.BUS.NREG,,,,,,,,,,,,,,,,,,,,,,,,,,,,,,,,,,,,,,,,,,,,,,,,,15,7,12,20,24,30,29,29,34,127,163,313,58,,
Sri Lanka,LKA,New businesses registered (number),IC.BUS.NREG,,,,,,,,,,,,,,,,,,,,,,,,,,,,,,,,,,,,,,,,,,,,,,,,,4321,4062,6110,7662,6975,5788,6674,7583,8060,9474,10510,,,,
Lesotho,LSO,New businesses registered (number),IC.BUS.NREG,,,,,,,,,,,,,,,,,,,,,,,,,,,,,,,,,,,,,,,,,,,,,,,875,1042,1397,1501,1720,1575,1795,2032,1933,2572,2301,2443,3725,2872,1981,,
Lithuania,LTU,New businesses registered (number),IC.BUS.NREG,,,,,,,,,,,,,,,,,,,,,,,,,,,,,,,,,,,,,,,,,,,,,,,5307,6578,5432,5399,6522,7799,10976,8057,8481,6184,6352,6578,6072,5909,5305,,
Luxembourg,LUX,New businesses registered (number),IC.BUS.NREG,,,,,,,,,,,,,,,,,,,,,,,,,,,,,,,,,,,,,,,,,,,,,,,,,,3567,4397,1919,5127,5937,6777,6642,6207,6636,7309,,,,
Latvia,LVA,New businesses registered (number),IC.BUS.NREG,,,,,,,,,,,,,,,,,,,,,,,,,,,,,,,,,,,,,,,,,,,,,,,11231,11970,8931,7171,11898,16840,15752,15352,13995,12551,10319,9340,9864,9595,8234,,
"Macao SAR, China",MAC,New businesses registered (number),IC.BUS.NREG,,,,,,,,,,,,,,,,,,,,,,,,,,,,,,,,,,,,,,,,,,,,,,,,,,,,,,,,,,,,,,,
St. Martin (French part),MAF,New businesses registered (number),IC.BUS.NREG,,,,,,,,,,,,,,,,,,,,,,,,,,,,,,,,,,,,,,,,,,,,,,,,,,,,,,,,,,,,,,,
Morocco,MAR,New businesses registered (number),IC.BUS.NREG,,,,,,,,,,,,,,,,,,,,,,,,,,,,,,,,,,,,,,,,,,,,,,,17601,24734,26531,27221,27892,30157,32951,33278,34766,35840,39030,40088,45399,49909,54250,,
Monaco,MCO,New businesses registered (number),IC.BUS.NREG,,,,,,,,,,,,,,,,,,,,,,,,,,,,,,,,,,,,,,,,,,,,,,,,,,,,,,,,,,,,,,,
Moldova,MDA,New businesses registered (number),IC.BUS.NREG,,,,,,,,,,,,,,,,,,,,,,,,,,,,,,,,,,,,,,,,,,,,,,,,,,,,,,,4460,4538,4444,5140,4801,,,,
Madagascar,MDG,New businesses registered (number),IC.BUS.NREG,,,,,,,,,,,,,,,,,,,,,,,,,,,,,,,,,,,,,,,,,,,,,,,,,,,,,,,1557,1543,1572,1904,1881,,,,
Maldives,MDV,New businesses registered (number),IC.BUS.NREG,,,,,,,,,,,,,,,,,,,,,,,,,,,,,,,,,,,,,,,,,,,,,,,910,1014,1068,878,746,818,763,721,1063,1184,1247,1260,1090,1280,1153,,
Mexico,MEX,New businesses registered (number),IC.BUS.NREG,,,,,,,,,,,,,,,,,,,,,,,,,,,,,,,,,,,,,,,,,,,,,,,22116,26337,27226,38581,45321,44786,31028,42562,43617,46174,45256,82948,83903,84320,68114,,
Marshall Islands,MHL,New businesses registered (number),IC.BUS.NREG,,,,,,,,,,,,,,,,,,,,,,,,,,,,,,,,,,,,,,,,,,,,,,,,,,,,,,,,,,,,,,,
North Macedonia,MKD,New businesses registered (number),IC.BUS.NREG,,,,,,,,,,,,,,,,,,,,,,,,,,,,,,,,,,,,,,,,,,,,,,,8000,9313,9703,8074,6729,6015,5394,5453,5524,5794,5687,5438,5282,5688,4985,,
Mali,MLI,New businesses registered (number),IC.BUS.NREG,,,,,,,,,,,,,,,,,,,,,,,,,,,,,,,,,,,,,,,,,,,,,,,,,,312,864,532,1501,1772,1709,1558,2382,1330,3151,4033,2741,,
Malta,MLT,New businesses registered (number),IC.BUS.NREG,,,,,,,,,,,,,,,,,,,,,,,,,,,,,,,,,,,,,,,,,,,,,,,2830,2663,2740,2582,3005,3325,3936,4477,5014,5372,5125,5276,5527,4172,3396,,
Myanmar,MMR,New businesses registered (number),IC.BUS.NREG,,,,,,,,,,,,,,,,,,,,,,,,,,,,,,,,,,,,,,,,,,,,,,,530,538,704,757,1186,1944,3078,4076,4521,4765,6663,7558,14051,,,,
Montenegro,MNE,New businesses registered (number),IC.BUS.NREG,,,,,,,,,,,,,,,,,,,,,,,,,,,,,,,,,,,,,,,,,,,,,,,3051,4276,3399,2334,2370,2356,2491,2900,3080,3013,2818,3182,4694,4131,3270,,
Mongolia,MNG,New businesses registered (number),IC.BUS.NREG,,,,,,,,,,,,,,,,,,,,,,,,,,,,,,,,,,,,,,,,,,,,,,,12529,11840,10137,7796,9215,11305,11255,12804,12930,11035,10009,12322,11524,12455,12532,,
Northern Mariana Islands,MNP,New businesses registered (number),IC.BUS.NREG,,,,,,,,,,,,,,,,,,,,,,,,,,,,,,,,,,,,,,,,,,,,,,,,,,,,,,,,,,,,,,,
Mozambique,MOZ,New businesses registered (number),IC.BUS.NREG,,,,,,,,,,,,,,,,,,,,,,,,,,,,,,,,,,,,,,,,,,,,,,,,,,,,,,,2595,3168,3607,3554,3300,4699,3925,,
Mauritania,MRT,New businesses registered (number),IC.BUS.NREG,,,,,,,,,,,,,,,,,,,,,,,,,,,,,,,,,,,,,,,,,,,,,,,,,,,,,,,,,994,1122,959,,,,
Mauritius,MUS,New businesses registered (number),IC.BUS.NREG,,,,,,,,,,,,,,,,,,,,,,,,,,,,,,,,,,,,,,,,,,,,,,,7435,8888,9012,6631,7442,7239,6817,6353,7091,7845,8851,8757,8285,6316,6312,,
Malawi,MWI,New businesses registered (number),IC.BUS.NREG,,,,,,,,,,,,,,,,,,,,,,,,,,,,,,,,,,,,,,,,,,,,,,,420,628,797,619,,,,,,,,,,,,,
Malaysia,MYS,New businesses registered (number),IC.BUS.NREG,,,,,,,,,,,,,,,,,,,,,,,,,,,,,,,,,,,,,,,,,,,,,,,38293,43337,41623,41638,44202,45455,45441,46321,49203,49510,46555,52085,51722,50932,47834,,
Namibia,NAM,New businesses registered (number),IC.BUS.NREG,,,,,,,,,,,,,,,,,,,,,,,,,,,,,,,,,,,,,,,,,,,,,,,672,708,981,875,747,829,1050,1044,1112,1226,1409,1140,2850,1155,852,,
New Caledonia,NCL,New businesses registered (number),IC.BUS.NREG,,,,,,,,,,,,,,,,,,,,,,,,,,,,,,,,,,,,,,,,,,,,,,,,,,,,,,,,,,,,,,,
Niger,NER,New businesses registered (number),IC.BUS.NREG,,,,,,,,,,,,,,,,,,,,,,,,,,,,,,,,,,,,,,,,,,,,,,,,,,,,,,,,,762,759,931,,,,
Nigeria,NGA,New businesses registered (number),IC.BUS.NREG,,,,,,,,,,,,,,,,,,,,,,,,,,,,,,,,,,,,,,,,,,,,,,,34531,46240,64017,65089,65074,72396,81144,74391,71941,70441,75380,78540,86309,90748,97988,,
Nicaragua,NIC,New businesses registered (number),IC.BUS.NREG,,,,,,,,,,,,,,,,,,,,,,,,,,,,,,,,,,,,,,,,,,,,,,,,,,,,,,,,,,,,,,,
Netherlands,NLD,New businesses registered (number),IC.BUS.NREG,,,,,,,,,,,,,,,,,,,,,,,,,,,,,,,,,,,,,,,,,,,,,,,,,,,,,,,,,31509,31981,33084,33284,34777,,
Norway,NOR,New businesses registered (number),IC.BUS.NREG,,,,,,,,,,,,,,,,,,,,,,,,,,,,,,,,,,,,,,,,,,,,,,,34813,20375,17372,12842,13946,16249,25614,26295,25885,26706,27918,29890,29959,30263,33128,,
Nepal,NPL,New businesses registered (number),IC.BUS.NREG,,,,,,,,,,,,,,,,,,,,,,,,,,,,,,,,,,,,,,,,,,,,,,,5596,7178,8510,9893,9750,10000,10456,9359,11971,12446,17222,19268,24088,18085,25859,,
Nauru,NRU,New businesses registered (number),IC.BUS.NREG,,,,,,,,,,,,,,,,,,,,,,,,,,,,,,,,,,,,,,,,,,,,,,,,,,,,,,,,,,,,,,,
New Zealand,NZL,New businesses registered (number),IC.BUS.NREG,,,,,,,,,,,,,,,,,,,,,,,,,,,,,,,,,,,,,,,,,,,,,,,67842,70351,53401,48316,45168,42172,43860,45419,48904,52337,58130,57917,56380,53098,58375,,
Oman,OMN,New businesses registered (number),IC.BUS.NREG,,,,,,,,,,,,,,,,,,,,,,,,,,,,,,,,,,,,,,,,,,,,,,,2516,3815,4345,3646,3811,5116,5091,4481,3538,6716,7666,5807,5425,6503,5804,,
Pakistan,PAK,New businesses registered (number),IC.BUS.NREG,,,,,,,,,,,,,,,,,,,,,,,,,,,,,,,,,,,,,,,,,,,,,,,4117,3356,3458,2414,2868,3367,3928,3937,4680,5385,6716,9624,12991,15958,19791,,
Panama,PAN,New businesses registered (number),IC.BUS.NREG,,,,,,,,,,,,,,,,,,,,,,,,,,,,,,,,,,,,,,,,,,,,,,,,,,,,,,30203,29488,26387,22953,18068,15416,16177,11833,,
Peru,PER,New businesses registered (number),IC.BUS.NREG,,,,,,,,,,,,,,,,,,,,,,,,,,,,,,,,,,,,,,,,,,,,,,,37735,47561,55674,55879,60247,71295,75210,74742,74488,79531,75835,79513,79798,88782,83351,,
Philippines,PHL,New businesses registered (number),IC.BUS.NREG,,,,,,,,,,,,,,,,,,,,,,,,,,,,,,,,,,,,,,,,,,,,,,,13325,12285,13470,11435,11714,17495,18515,20231,21066,21453,22412,24379,20092,21835,15161,,
Palau,PLW,New businesses registered (number),IC.BUS.NREG,,,,,,,,,,,,,,,,,,,,,,,,,,,,,,,,,,,,,,,,,,,,,,,,,,,,,,,,,,,,,,,
Papua New Guinea,PNG,New businesses registered (number),IC.BUS.NREG,,,,,,,,,,,,,,,,,,,,,,,,,,,,,,,,,,,,,,,,,,,,,,,,,,,,,,,,,,,,,,,
Poland,POL,New businesses registered (number),IC.BUS.NREG,,,,,,,,,,,,,,,,,,,,,,,,,,,,,,,,,,,,,,,,,,,,,,,13110,13781,12678,14434,18120,19320,24753,29891,30155,40224,43523,38903,36879,40248,41143,,
Puerto Rico,PRI,New businesses registered (number),IC.BUS.NREG,,,,,,,,,,,,,,,,,,,,,,,,,,,,,,,,,,,,,,,,,,,,,,,,,,,,,,,,4811,5564,5793,8477,10352,11218,,
"Korea, Dem. People's Rep.",PRK,New businesses registered (number),IC.BUS.NREG,,,,,,,,,,,,,,,,,,,,,,,,,,,,,,,,,,,,,,,,,,,,,,,,,,,,,,,,,,,,,,,
Portugal,PRT,New businesses registered (number),IC.BUS.NREG,,,,,,,,,,,,,,,,,,,,,,,,,,,,,,,,,,,,,,,,,,,,,,,31849,34720,31324,28381,28501,31896,27803,32081,31860,34120,33651,37571,43114,46880,36076,,
Paraguay,PRY,New businesses registered (number),IC.BUS.NREG,,,,,,,,,,,,,,,,,,,,,,,,,,,,,,,,,,,,,,,,,,,,,,,,,,,,,,,,,,,,1018,226,,
West Bank and Gaza,PSE,New businesses registered (number),IC.BUS.NREG,,,,,,,,,,,,,,,,,,,,,,,,,,,,,,,,,,,,,,,,,,,,,,,,,,,,,,,,,,,,,,,
French Polynesia,PYF,New businesses registered (number),IC.BUS.NREG,,,,,,,,,,,,,,,,,,,,,,,,,,,,,,,,,,,,,,,,,,,,,,,,,,,,,,,,,,,,,,,
Qatar,QAT,New businesses registered (number),IC.BUS.NREG,,,,,,,,,,,,,,,,,,,,,,,,,,,,,,,,,,,,,,,,,,,,,,,3697,4190,4365,4033,5068,6067,5784,5986,7196,5619,11535,14082,14824,,,,
Romania,ROU,New businesses registered (number),IC.BUS.NREG,,,,,,,,,,,,,,,,,,,,,,,,,,,,,,,,,,,,,,,,,,,,,,,92979,102745,100646,56690,51859,65842,61542,60292,56381,64417,73889,98405,94244,94869,78419,,
Russian Federation,RUS,New businesses registered (number),IC.BUS.NREG,,,,,,,,,,,,,,,,,,,,,,,,,,,,,,,,,,,,,,,,,,,,,,,419318,403914,415693,257170,258327,157281,397952,398782,427388,456046,433464,390299,317475,281834,214895,,
Rwanda,RWA,New businesses registered (number),IC.BUS.NREG,,,,,,,,,,,,,,,,,,,,,,,,,,,,,,,,,,,,,,,,,,,,,,,247,314,430,1310,3641,6039,8511,9291,9998,9887,10099,10005,10547,12552,16105,,
South Asia,SAS,New businesses registered (number),IC.BUS.NREG,,,,,,,,,,,,,,,,,,,,,,,,,,,,,,,,,,,,,,,,,,,,,,,,,,,,,,,,,,,,,,,
Saudi Arabia,SAU,New businesses registered (number),IC.BUS.NREG,,,,,,,,,,,,,,,,,,,,,,,,,,,,,,,,,,,,,,,,,,,,,,,3246,4021,4808,5158,5762,6645,8461,8942,9995,11046,10598,10903,12116,17367,15920,,
Sudan,SDN,New businesses registered (number),IC.BUS.NREG,,,,,,,,,,,,,,,,,,,,,,,,,,,,,,,,,,,,,,,,,,,,,,,,,,,,,,,,,,,,,,,
Senegal,SEN,New businesses registered (number),IC.BUS.NREG,,,,,,,,,,,,,,,,,,,,,,,,,,,,,,,,,,,,,,,,,,,,,,,1054,3050,1701,2242,1745,1815,1945,2116,2359,3258,3420,3715,4004,4285,4284,,
Singapore,SGP,New businesses registered (number),IC.BUS.NREG,,,,,,,,,,,,,,,,,,,,,,,,,,,,,,,,,,,,,,,,,,,,,,,19575,23850,23544,24234,27483,29781,31531,34766,38306,34076,35020,37172,43050,43762,42217,,
Solomon Islands,SLB,New businesses registered (number),IC.BUS.NREG,,,,,,,,,,,,,,,,,,,,,,,,,,,,,,,,,,,,,,,,,,,,,,,,,,,,,,,,,,,,,,,
Sierra Leone,SLE,New businesses registered (number),IC.BUS.NREG,,,,,,,,,,,,,,,,,,,,,,,,,,,,,,,,,,,,,,,,,,,,,,,333,375,555,688,905,831,1069,1046,682,986,1082,1233,1980,,,,
El Salvador,SLV,New businesses registered (number),IC.BUS.NREG,,,,,,,,,,,,,,,,,,,,,,,,,,,,,,,,,,,,,,,,,,,,,,,1873,2030,1828,1772,1858,1781,1856,1989,2082,2158,2218,2149,2361,2617,1771,,
San Marino,SMR,New businesses registered (number),IC.BUS.NREG,,,,,,,,,,,,,,,,,,,,,,,,,,,,,,,,,,,,,,,,,,,,,,,,,,,,,,,,,,,,,,,
Somalia,SOM,New businesses registered (number),IC.BUS.NREG,,,,,,,,,,,,,,,,,,,,,,,,,,,,,,,,,,,,,,,,,,,,,,,,,,,,,,,,,,,,,,,
Serbia,SRB,New businesses registered (number),IC.BUS.NREG,,,,,,,,,,,,,,,,,,,,,,,,,,,,,,,,,,,,,,,,,,,,,,,11021,11337,10958,9814,9333,8319,8505,8558,8081,7929,8288,8671,8671,9034,9030,,
Sub-Saharan Africa (excluding high income),SSA,New businesses registered (number),IC.BUS.NREG,,,,,,,,,,,,,,,,,,,,,,,,,,,,,,,,,,,,,,,,,,,,,,,,,,,,,,,,,,,,,,,
South Sudan,SSD,New businesses registered (number),IC.BUS.NREG,,,,,,,,,,,,,,,,,,,,,,,,,,,,,,,,,,,,,,,,,,,,,,,333,1176,3221,2505,937,4459,4430,3627,1961,759,1765,,,,,,
Sao Tome and Principe,STP,New businesses registered (number),IC.BUS.NREG,,,,,,,,,,,,,,,,,,,,,,,,,,,,,,,,,,,,,,,,,,,,,,,,,,,,,,292,316,315,360,298,266,264,268,,
Suriname,SUR,New businesses registered (number),IC.BUS.NREG,,,,,,,,,,,,,,,,,,,,,,,,,,,,,,,,,,,,,,,,,,,,,,,114,109,169,142,214,400,583,592,495,412,523,860,890,946,892,,
Slovak Republic,SVK,New businesses registered (number),IC.BUS.NREG,,,,,,,,,,,,,,,,,,,,,,,,,,,,,,,,,,,,,,,,,,,,,,,13499,16004,17603,15805,17519,19003,19950,26749,12884,12445,18072,19813,19723,20566,18969,,
Slovenia,SVN,New businesses registered (number),IC.BUS.NREG,,,,,,,,,,,,,,,,,,,,,,,,,,,,,,,,,,,,,,,,,,,,,,,3892,4957,6091,5837,5441,5754,6177,6107,6243,5478,4239,4512,4118,3911,3265,,
Sweden,SWE,New businesses registered (number),IC.BUS.NREG,,,,,,,,,,,,,,,,,,,,,,,,,,,,,,,,,,,,,,,,,,,,,,,23894,27994,27554,24350,34709,43964,39262,39137,42068,45568,49751,48543,45590,46377,57682,,
Eswatini,SWZ,New businesses registered (number),IC.BUS.NREG,,,,,,,,,,,,,,,,,,,,,,,,,,,,,,,,,,,,,,,,,,,,,,,2068,1642,1549,1613,1559,1454,1587,1946,2402,2380,2472,2213,2626,2871,2961,,
Sint Maarten (Dutch part),SXM,New businesses registered (number),IC.BUS.NREG,,,,,,,,,,,,,,,,,,,,,,,,,,,,,,,,,,,,,,,,,,,,,,,,,,,,,,,,,,,,,,,
Seychelles,SYC,New businesses registered (number),IC.BUS.NREG,,,,,,,,,,,,,,,,,,,,,,,,,,,,,,,,,,,,,,,,,,,,,,,113,369,384,143,127,115,165,124,111,142,111,102,167,157,109,,
Syrian Arab Republic,SYR,New businesses registered (number),IC.BUS.NREG,,,,,,,,,,,,,,,,,,,,,,,,,,,,,,,,,,,,,,,,,,,,,,,,,,,,,,,,,,,,,,,
Turks and Caicos Islands,TCA,New businesses registered (number),IC.BUS.NREG,,,,,,,,,,,,,,,,,,,,,,,,,,,,,,,,,,,,,,,,,,,,,,,,,,,,,,,,,,,,,,,
Chad,TCD,New businesses registered (number),IC.BUS.NREG,,,,,,,,,,,,,,,,,,,,,,,,,,,,,,,,,,,,,,,,,,,,,,,,,,,,,805,904,927,768,702,780,878,,,,
Togo,TGO,New businesses registered (number),IC.BUS.NREG,,,,,,,,,,,,,,,,,,,,,,,,,,,,,,,,,,,,,,,,,,,,,,,,,,515,560,615,723,737,1082,1704,1660,1767,2587,3393,4410,,
Thailand,THA,New businesses registered (number),IC.BUS.NREG,,,,,,,,,,,,,,,,,,,,,,,,,,,,,,,,,,,,,,,,,,,,,,,30119,25156,27655,27520,31707,33704,40900,44482,43589,44809,48907,55525,72109,71485,63340,,
Tajikistan,TJK,New businesses registered (number),IC.BUS.NREG,,,,,,,,,,,,,,,,,,,,,,,,,,,,,,,,,,,,,,,,,,,,,,,878,885,1080,1855,2178,1242,1272,5555,1514,1218,984,793,831,,,,
Turkmenistan,TKM,New businesses registered (number),IC.BUS.NREG,,,,,,,,,,,,,,,,,,,,,,,,,,,,,,,,,,,,,,,,,,,,,,,,,,,,,,,,,,,,,,,
Timor-Leste,TLS,New businesses registered (number),IC.BUS.NREG,,,,,,,,,,,,,,,,,,,,,,,,,,,,,,,,,,,,,,,,,,,,,,,,,409,1170,4445,2212,1686,3571,2889,,,,,,,,
Tonga,TON,New businesses registered (number),IC.BUS.NREG,,,,,,,,,,,,,,,,,,,,,,,,,,,,,,,,,,,,,,,,,,,,,,,107,144,103,105,139,116,115,112,65,71,49,27,32,42,45,,
Trinidad and Tobago,TTO,New businesses registered (number),IC.BUS.NREG,,,,,,,,,,,,,,,,,,,,,,,,,,,,,,,,,,,,,,,,,,,,,,,3421,3520,3470,2693,3372,3825,3446,4334,4682,5165,4341,3877,4115,4511,4344,,
Tunisia,TUN,New businesses registered (number),IC.BUS.NREG,,,,,,,,,,,,,,,,,,,,,,,,,,,,,,,,,,,,,,,,,,,,,,,6368,8997,8297,9138,11317,11307,12556,12691,11973,11661,12450,11647,13134,15715,,,
Turkiye,TUR,New businesses registered (number),IC.BUS.NREG,,,,,,,,,,,,,,,,,,,,,,,,,,,,,,,,,,,,,,,,,,,,,,,,,,,,,,,53375,65324,62674,71468,83397,82762,100409,,
Tuvalu,TUV,New businesses registered (number),IC.BUS.NREG,,,,,,,,,,,,,,,,,,,,,,,,,,,,,,,,,,,,,,,,,,,,,,,,,,,,,,,,,,,,,,,
Tanzania,TZA,New businesses registered (number),IC.BUS.NREG,,,,,,,,,,,,,,,,,,,,,,,,,,,,,,,,,,,,,,,,,,,,,,,3745,4234,5099,5020,6800,7606,8126,8662,8768,8890,8326,6504,5276,,,,
Uganda,UGA,New businesses registered (number),IC.BUS.NREG,,,,,,,,,,,,,,,,,,,,,,,,,,,,,,,,,,,,,,,,,,,,,,,7104,7479,8376,9486,10490,14661,16686,15409,16757,18387,18050,17423,18862,,,,
Ukraine,UKR,New businesses registered (number),IC.BUS.NREG,,,,,,,,,,,,,,,,,,,,,,,,,,,,,,,,,,,,,,,,,,,,,,,30934,38141,31385,21567,31450,34468,29619,35203,33406,38088,48138,51349,,,,,
Uruguay,URY,New businesses registered (number),IC.BUS.NREG,,,,,,,,,,,,,,,,,,,,,,,,,,,,,,,,,,,,,,,,,,,,,,,4123,4731,4393,3210,4433,5002,7888,6106,6282,4592,3935,4069,3369,3364,5139,,
United States,USA,New businesses registered (number),IC.BUS.NREG,,,,,,,,,,,,,,,,,,,,,,,,,,,,,,,,,,,,,,,,,,,,,,,,,,,,,,,,,,,,,,,
Uzbekistan,UZB,New businesses registered (number),IC.BUS.NREG,,,,,,,,,,,,,,,,,,,,,,,,,,,,,,,,,,,,,,,,,,,,,,,8994,9677,9753,13780,15097,16622,13261,17346,17469,18955,21893,26186,35801,60814,61677,,
St. Vincent and the Grenadines,VCT,New businesses registered (number),IC.BUS.NREG,,,,,,,,,,,,,,,,,,,,,,,,,,,,,,,,,,,,,,,,,,,,,,,159,210,167,131,139,134,127,133,125,119,118,175,414,284,323,,
"Venezuela, RB",VEN,New businesses registered (number),IC.BUS.NREG,,,,,,,,,,,,,,,,,,,,,,,,,,,,,,,,,,,,,,,,,,,,,,,,,,,,,,,,,,,,,,,
British Virgin Islands,VGB,New businesses registered (number),IC.BUS.NREG,,,,,,,,,,,,,,,,,,,,,,,,,,,,,,,,,,,,,,,,,,,,,,,,,,,,,,,,,,,,,,,
Virgin Islands (U.S.),VIR,New businesses registered (number),IC.BUS.NREG,,,,,,,,,,,,,,,,,,,,,,,,,,,,,,,,,,,,,,,,,,,,,,,,,,,,,,,,,,,,,,,
Viet Nam,VNM,New businesses registered (number),IC.BUS.NREG,,,,,,,,,,,,,,,,,,,,,,,,,,,,,,,,,,,,,,,,,,,,,,,,,,,,54756,51382,56370,56928,73817,87346,102447,106931,111338,111477,,
Vanuatu,VUT,New businesses registered (number),IC.BUS.NREG,,,,,,,,,,,,,,,,,,,,,,,,,,,,,,,,,,,,,,,,,,,,,,,53,72,66,23,87,74,70,54,88,83,130,168,258,,,,
Samoa,WSM,New businesses registered (number),IC.BUS.NREG,,,,,,,,,,,,,,,,,,,,,,,,,,,,,,,,,,,,,,,,,,,,,,,44,37,56,81,94,100,88,95,117,129,110,138,126,125,82,,
Kosovo,XKX,New businesses registered (number),IC.BUS.NREG,,,,,,,,,,,,,,,,,,,,,,,,,,,,,,,,,,,,,,,,,,,,,,,767,858,876,858,971,1106,1466,1970,2117,2539,3978,4656,5366,5586,5768,,
"Yemen, Rep.",YEM,New businesses registered (number),IC.BUS.NREG,,,,,,,,,,,,,,,,,,,,,,,,,,,,,,,,,,,,,,,,,,,,,,,,,,,,,,,,,,,,,,,
South Africa,ZAF,New businesses registered (number),IC.BUS.NREG,,,,,,,,,,,,,,,,,,,,,,,,,,,,,,,,,,,,,,,,,,,,,,,306082,326303,287704,279397,206826,180877,220910,239596,235602,315677,376727,,,409536,486900,,
Zambia,ZMB,New businesses registered (number),IC.BUS.NREG,,,,,,,,,,,,,,,,,,,,,,,,,,,,,,,,,,,,,,,,,,,,,,,3715,5541,6026,5172,6355,7774,8849,9403,9402,9137,8874,9399,10239,9606,10640,,
Zimbabwe,ZWE,New businesses registered (number),IC.BUS.NREG,,,,,,,,,,,,,,,,,,,,,,,,,,,,,,,,,,,,,,,,,,,,,,,,,,,,8541,9491,9782,9465,9055,8124,9518,16810,25028,20273,,